Index,Livres,Prix,Stock
1,A Light in the Attic,R$51.77,22
2,Tipping the Velvet,R$53.74,20
3,Soumission,R$50.10,20
4,Sharp Objects,R$47.82,20
5,Sapiens: A Brief History of Humankind,R$54.23,20
6,The Requiem Red,R$22.65,19
7,The Dirty Little Secrets of Getting Your Dream Job,R$33.34,19
8,"The Coming Woman: A Novel Based on the Life of the Infamous Feminist, Victoria Woodhull",R$17.93,19
9,The Boys in the Boat: Nine Americans and Their Epic Quest for Gold at the 1936 Berlin Olympics,R$22.60,19
10,The Black Maria,R$52.15,19
11,"Starving Hearts (Triangular Trade Trilogy, #1)",R$13.99,19
12,Shakespeare's Sonnets,R$20.66,19
13,Set Me Free,R$17.46,19
14,Scott Pilgrim's Precious Little Life (Scott Pilgrim #1),R$52.29,19
15,Rip it Up and Start Again,R$35.02,19
16,"Our Band Could Be Your Life: Scenes from the American Indie Underground, 1981-1991",R$57.25,19
17,Olio,R$23.88,19
18,Mesaerion: The Best Science Fiction Stories 1800-1849,R$37.59,19
19,Libertarianism for Beginners,R$51.33,19
20,It's Only the Himalayas,R$45.17,19
21,In Her Wake,R$12.84,19
22,How Music Works,R$37.32,19
23,"Foolproof Preserving: A Guide to Small Batch Jams, Jellies, Pickles, Condiments, and More: A Foolproof Guide to Making Small Batch Jams, Jellies, Pickles, Condiments, and More",R$30.52,19
24,Chase Me (Paris Nights #2),R$25.27,19
25,Black Dust,R$34.53,19
26,Birdsong: A Story in Pictures,R$54.64,19
27,America's Cradle of Quarterbacks: Western Pennsylvania's Football Factory from Johnny Unitas to Joe Montana,R$22.50,19
28,Aladdin and His Wonderful Lamp,R$53.13,19
29,Worlds Elsewhere: Journeys Around Shakespeare’s Globe,R$40.30,18
30,Wall and Piece,R$44.18,18
31,The Four Agreements: A Practical Guide to Personal Freedom,R$17.66,18
32,The Five Love Languages: How to Express Heartfelt Commitment to Your Mate,R$31.05,18
33,The Elephant Tree,R$23.82,18
34,The Bear and the Piano,R$36.89,18
35,Sophie's World,R$15.94,18
36,Penny Maybe,R$33.29,18
37,Maude (1883-1993):She Grew Up with the country,R$18.02,18
38,"In a Dark, Dark Wood",R$19.63,18
39,Behind Closed Doors,R$52.22,18
40,You can't bury them all: Poems,R$33.63,17
41,Slow States of Collapse: Poems,R$57.31,17
42,Reasons to Stay Alive,R$26.41,17
43,Private Paris (Private #10),R$47.61,17
44,#HigherSelfie: Wake Up Your Life. Free Your Soul. Find Your Tribe.,R$23.11,17
45,Without Borders (Wanderlove #1),R$45.07,16
46,When We Collided,R$31.77,16
47,"We Love You, Charlie Freeman",R$50.27,16
48,Untitled Collection: Sabbath Poems 2014,R$14.27,16
49,"Unseen City: The Majesty of Pigeons, the Discreet Charm of Snails & Other Wonders of the Urban Wilderness",R$44.18,16
50,Unicorn Tracks,R$18.78,16
51,"Unbound: How Eight Technologies Made Us Human, Transformed Society, and Brought Our World to the Brink",R$25.52,16
52,Tsubasa: WoRLD CHRoNiCLE 2 (Tsubasa WoRLD CHRoNiCLE #2),R$16.28,16
53,Throwing Rocks at the Google Bus: How Growth Became the Enemy of Prosperity,R$31.12,16
54,This One Summer,R$19.49,16
55,Thirst,R$17.27,16
56,The Torch Is Passed: A Harding Family Story,R$19.09,16
57,The Secret of Dreadwillow Carse,R$56.13,16
58,"The Pioneer Woman Cooks: Dinnertime: Comfort Classics, Freezer Food, 16-Minute Meals, and Other Delicious Ways to Solve Supper!",R$56.41,16
59,The Past Never Ends,R$56.50,16
60,The Natural History of Us (The Fine Art of Pretending #2),R$45.22,16
61,The Nameless City (The Nameless City #1),R$38.16,16
62,The Murder That Never Was (Forensic Instincts #5),R$54.11,16
63,The Most Perfect Thing: Inside (and Outside) a Bird's Egg,R$42.96,16
64,"The Mindfulness and Acceptance Workbook for Anxiety: A Guide to Breaking Free from Anxiety, Phobias, and Worry Using Acceptance and Commitment Therapy",R$23.89,16
65,The Life-Changing Magic of Tidying Up: The Japanese Art of Decluttering and Organizing,R$16.77,16
66,"The Inefficiency Assassin: Time Management Tactics for Working Smarter, Not Longer",R$20.59,16
67,The Gutsy Girl: Escapades for Your Life of Epic Adventure,R$37.13,16
68,The Electric Pencil: Drawings from Inside State Hospital No. 3,R$56.06,16
69,The Death of Humanity: and the Case for Life,R$58.11,16
70,"The Bulletproof Diet: Lose up to a Pound a Day, Reclaim Energy and Focus, Upgrade Your Life",R$49.05,16
71,The Art Forger,R$40.76,16
72,The Age of Genius: The Seventeenth Century and the Birth of the Modern Mind,R$19.73,16
73,The Activist's Tao Te Ching: Ancient Advice for a Modern Revolution,R$32.24,16
74,Spark Joy: An Illustrated Master Class on the Art of Organizing and Tidying Up,R$41.83,16
75,Soul Reader,R$39.58,16
76,Security,R$39.25,16
77,"Saga, Volume 6 (Saga (Collected Editions) #6)",R$25.02,16
78,"Saga, Volume 5 (Saga (Collected Editions) #5)",R$51.04,16
79,Reskilling America: Learning to Labor in the Twenty-First Century,R$19.83,16
80,"Rat Queens, Vol. 3: Demons (Rat Queens (Collected Editions) #11-15)",R$50.40,16
81,"Princess Jellyfish 2-in-1 Omnibus, Vol. 01 (Princess Jellyfish 2-in-1 Omnibus #1)",R$13.61,16
82,Princess Between Worlds (Wide-Awake Princess #5),R$13.34,16
83,"Pop Gun War, Volume 1: Gift",R$18.97,16
84,"Political Suicide: Missteps, Peccadilloes, Bad Calls, Backroom Hijinx, Sordid Pasts, Rotten Breaks, and Just Plain Dumb Mistakes in the Annals of American Politics",R$36.28,16
85,Patience,R$10.16,16
86,"Outcast, Vol. 1: A Darkness Surrounds Him (Outcast #1)",R$15.44,16
87,orange: The Complete Collection 1 (orange: The Complete Collection #1),R$48.41,16
88,Online Marketing for Busy Authors: A Step-By-Step Guide,R$46.35,16
89,On a Midnight Clear,R$14.07,16
90,Obsidian (Lux #1),R$14.86,16
91,My Paris Kitchen: Recipes and Stories,R$33.37,16
92,Masks and Shadows,R$56.40,16
93,"Mama Tried: Traditional Italian Cooking for the Screwed, Crude, Vegan, and Tattooed",R$14.02,16
94,"Lumberjanes, Vol. 2: Friendship to the Max (Lumberjanes #5-8)",R$46.91,16
95,"Lumberjanes, Vol. 1: Beware the Kitten Holy (Lumberjanes #1-4)",R$45.61,16
96,Lumberjanes Vol. 3: A Terrible Plan (Lumberjanes #9-12),R$19.92,16
97,"Layered: Baking, Building, and Styling Spectacular Cakes",R$40.11,16
98,Judo: Seven Steps to Black Belt (an Introductory Guide for Beginners),R$53.90,16
99,Join,R$35.67,16
100,In the Country We Love: My Family Divided,R$22.00,16
101,Immunity: How Elie Metchnikoff Changed the Course of Modern Medicine,R$57.36,16
102,"I Hate Fairyland, Vol. 1: Madly Ever After (I Hate Fairyland (Compilations) #1-5)",R$29.17,16
103,I am a Hero Omnibus Volume 1,R$54.63,16
104,How to Be Miserable: 40 Strategies You Already Use,R$46.03,16
105,Her Backup Boyfriend (The Sorensen Family #1),R$33.97,16
106,"Giant Days, Vol. 2 (Giant Days #5-8)",R$22.11,16
107,Forever and Forever: The Courtship of Henry Longfellow and Fanny Appleton,R$29.69,16
108,First and First (Five Boroughs #3),R$15.97,16
109,Fifty Shades Darker (Fifty Shades #2),R$21.96,16
110,Everydata: The Misinformation Hidden in the Little Data You Consume Every Day,R$54.35,16
111,"Don't Be a Jerk: And Other Practical Advice from Dogen, Japan's Greatest Zen Master",R$37.97,16
112,Danganronpa Volume 1,R$51.99,16
113,Crown of Midnight (Throne of Glass #2),R$43.29,16
114,"Codename Baboushka, Volume 1: The Conclave of Death",R$36.72,16
115,Camp Midnight,R$17.08,16
116,Call the Nurse: True Stories of a Country Nurse on a Scottish Isle,R$29.14,16
117,Burning,R$28.81,16
118,Bossypants,R$49.46,16
119,"Bitch Planet, Vol. 1: Extraordinary Machine (Bitch Planet (Collected Editions))",R$37.92,16
120,"Avatar: The Last Airbender: Smoke and Shadow, Part 3 (Smoke and Shadow #3)",R$28.09,16
121,Algorithms to Live By: The Computer Science of Human Decisions,R$30.81,16
122,A World of Flavor: Your Gluten Free Passport,R$42.95,16
123,"A Piece of Sky, a Grain of Rice: A Memoir in Four Meditations",R$56.76,16
124,A Murder in Time,R$16.64,16
125,A Flight of Arrows (The Pathfinders #2),R$55.53,16
126,A Fierce and Subtle Poison,R$28.13,16
127,A Court of Thorns and Roses (A Court of Thorns and Roses #1),R$52.37,16
128,(Un)Qualified: How God Uses Broken People to Do Big Things,R$54.00,16
129,You Are What You Love: The Spiritual Power of Habit,R$21.87,15
130,"William Shakespeare's Star Wars: Verily, A New Hope (William Shakespeare's Star Wars #4)",R$43.30,15
131,Tuesday Nights in 1980,R$21.04,15
132,Tracing Numbers on a Train,R$41.60,15
133,Throne of Glass (Throne of Glass #1),R$35.07,15
134,Thomas Jefferson and the Tripoli Pirates: The Forgotten War That Changed American History,R$59.64,15
135,Thirteen Reasons Why,R$52.72,15
136,The White Cat and the Monk: A Retelling of the Poem “Pangur Bán”,R$58.08,15
137,The Wedding Dress,R$24.12,15
138,The Vacationers,R$42.15,15
139,The Third Wave: An Entrepreneur’s Vision of the Future,R$12.61,15
140,The Stranger,R$17.44,15
141,The Shadow Hero (The Shadow Hero),R$33.14,15
142,The Secret (The Secret #1),R$27.37,15
143,The Regional Office Is Under Attack!,R$51.36,15
144,The Psychopath Test: A Journey Through the Madness Industry,R$36.00,15
145,The Project,R$10.65,15
146,The Power of Now: A Guide to Spiritual Enlightenment,R$43.54,15
147,The Omnivore's Dilemma: A Natural History of Four Meals,R$38.21,15
148,The Nerdy Nummies Cookbook: Sweet Treats for the Geek in All of Us,R$37.34,15
149,The Murder of Roger Ackroyd (Hercule Poirot #4),R$44.10,15
150,The Mistake (Off-Campus #2),R$43.29,15
151,The Matchmaker's Playbook (Wingmen Inc. #1),R$55.85,15
152,The Love and Lemons Cookbook: An Apple-to-Zucchini Celebration of Impromptu Cooking,R$37.60,15
153,The Long Shadow of Small Ghosts: Murder and Memory in an American City,R$10.97,15
154,The Kite Runner,R$41.82,15
155,The House by the Lake,R$36.95,15
156,The Glittering Court (The Glittering Court #1),R$44.28,15
157,The Girl on the Train,R$55.02,15
158,The Genius of Birds,R$17.24,15
159,The Emerald Mystery,R$23.15,15
160,The Cookies & Cups Cookbook: 125+ sweet & savory recipes reminding you to Always Eat Dessert First,R$41.25,15
161,The Bridge to Consciousness: I'm Writing the Bridge Between Science and Our Old and New Beliefs.,R$32.00,15
162,The Artist's Way: A Spiritual Path to Higher Creativity,R$38.49,15
163,The Art of War,R$33.34,15
164,The Argonauts,R$10.93,15
165,The 10% Entrepreneur: Live Your Startup Dream Without Quitting Your Day Job,R$27.55,15
166,Suddenly in Love (Lake Haven #1),R$55.99,15
167,Something More Than This,R$16.24,15
168,Soft Apocalypse,R$26.12,15
169,So You've Been Publicly Shamed,R$12.23,15
170,Shoe Dog: A Memoir by the Creator of NIKE,R$23.99,15
171,"Shobu Samurai, Project Aryoku (#3)",R$29.06,15
172,Secrets and Lace (Fatal Hearts #1),R$20.27,15
173,Scarlett Epstein Hates It Here,R$43.55,15
174,Romero and Juliet: A Tragic Tale of Love and Zombies,R$36.94,15
175,Redeeming Love,R$20.47,15
176,Poses for Artists Volume 1 - Dynamic and Sitting Poses: An Essential Reference for Figure Drawing and the Human Form,R$41.06,15
177,Poems That Make Grown Women Cry,R$14.19,15
178,"Nightingale, Sing",R$38.28,15
179,Night Sky with Exit Wounds,R$41.05,15
180,Mrs. Houdini,R$30.25,15
181,Modern Romance,R$28.26,15
182,Miss Peregrine’s Home for Peculiar Children (Miss Peregrine’s Peculiar Children #1),R$10.76,15
183,Louisa: The Extraordinary Life of Mrs. Adams,R$16.85,15
184,Little Red,R$13.47,15
185,Library of Souls (Miss Peregrine’s Peculiar Children #3),R$48.56,15
186,Large Print Heart of the Pride,R$19.15,15
187,I Had a Nice Time And Other Lies...: How to find love & sh*t like that,R$57.36,15
188,Hollow City (Miss Peregrine’s Peculiar Children #2),R$42.98,15
189,Grumbles,R$22.16,15
190,Full Moon over Noah’s Ark: An Odyssey to Mount Ararat and Beyond,R$49.43,15
191,Frostbite (Vampire Academy #2),R$29.99,15
192,Follow You Home,R$21.36,15
193,First Steps for New Christians (Print Edition),R$29.00,15
194,Finders Keepers (Bill Hodges Trilogy #2),R$53.53,15
195,"Fables, Vol. 1: Legends in Exile (Fables #1)",R$41.62,15
196,Eureka Trivia 6.0,R$54.59,15
197,Drive: The Surprising Truth About What Motivates Us,R$34.95,15
198,Done Rubbed Out (Reightman & Bailey #1),R$37.72,15
199,Doing It Over (Most Likely To #1),R$35.61,15
200,"Deliciously Ella Every Day: Quick and Easy Recipes for Gluten-Free Snacks, Packed Lunches, and Simple Meals",R$42.16,15
201,Dark Notes,R$19.19,15
202,"Daring Greatly: How the Courage to Be Vulnerable Transforms the Way We Live, Love, Parent, and Lead",R$19.43,15
203,Close to You,R$49.46,15
204,Chasing Heaven: What Dying Taught Me About Living,R$37.80,15
205,Big Magic: Creative Living Beyond Fear,R$30.80,15
206,Becoming Wise: An Inquiry into the Mystery and Art of Living,R$27.43,15
207,Beauty Restored (Riley Family Legacy Novellas #3),R$11.11,15
208,Batman: The Long Halloween (Batman),R$36.50,15
209,Batman: The Dark Knight Returns (Batman),R$15.38,15
210,Ayumi's Violin,R$15.48,15
211,Anonymous,R$46.82,15
212,Amy Meets the Saints and Sages,R$18.46,15
213,Amid the Chaos,R$36.58,15
214,Amatus,R$50.54,15
215,Agnostic: A Spirited Manifesto,R$12.51,15
216,Zealot: The Life and Times of Jesus of Nazareth,R$24.70,14
217,You (You #1),R$43.61,14
218,"Wonder Woman: Earth One, Volume One (Wonder Woman: Earth One #1)",R$37.34,14
219,Wild Swans,R$14.36,14
220,Why the Right Went Wrong: Conservatism--From Goldwater to the Tea Party and Beyond,R$52.65,14
221,Whole Lotta Creativity Going On: 60 Fun and Unusual Exercises to Awaken and Strengthen Your Creativity,R$38.20,14
222,What's It Like in Space?: Stories from Astronauts Who've Been There,R$19.60,14
223,"We Are Robin, Vol. 1: The Vigilante Business (We Are Robin #1)",R$53.90,14
224,Walt Disney's Alice in Wonderland,R$12.96,14
225,V for Vendetta (V for Vendetta Complete),R$37.10,14
226,Until Friday Night (The Field Party #1),R$46.31,14
227,"Unbroken: A World War II Story of Survival, Resilience, and Redemption",R$45.95,14
228,Twenty Yawns,R$22.08,14
229,Through the Woods,R$25.38,14
230,This Is Where It Ends,R$27.12,14
231,The Year of Magical Thinking,R$43.04,14
232,The Wright Brothers,R$56.80,14
233,The White Queen (The Cousins' War #1),R$25.91,14
234,The Wedding Pact (The O'Malleys #2),R$32.61,14
235,The Time Keeper,R$27.88,14
236,The Testament of Mary,R$52.67,14
237,The Star-Touched Queen,R$46.02,14
238,The Songs of the Gods,R$44.48,14
239,The Song of Achilles,R$37.40,14
240,The Rosie Project (Don Tillman #1),R$54.04,14
241,The Power of Habit: Why We Do What We Do in Life and Business,R$16.88,14
242,The Marriage of Opposites,R$28.08,14
243,The Lucifer Effect: Understanding How Good People Turn Evil,R$10.40,14
244,The Long Haul (Diary of a Wimpy Kid #9),R$44.07,14
245,The Loney,R$23.40,14
246,The Literature Book (Big Ideas Simply Explained),R$17.43,14
247,The Last Mile (Amos Decker #2),R$54.21,14
248,The Immortal Life of Henrietta Lacks,R$40.67,14
249,The Hidden Oracle (The Trials of Apollo #1),R$52.26,14
250,The Help Yourself Cookbook for Kids: 60 Easy Plant-Based Recipes Kids Can Make to Stay Healthy and Save the Earth,R$28.77,14
251,The Guilty (Will Robie #4),R$13.82,14
252,The First Hostage (J.B. Collins #2),R$25.85,14
253,The Dovekeepers,R$48.78,14
254,The Darkest Lie,R$35.35,14
255,The Bane Chronicles (The Bane Chronicles #1-11),R$44.73,14
256,The Bad-Ass Librarians of Timbuktu: And Their Race to Save the World’s Most Precious Manuscripts,R$15.77,14
257,The 14th Colony (Cotton Malone #11),R$39.24,14
258,That Darkness (Gardiner and Renner #1),R$13.92,14
259,Tastes Like Fear (DI Marnie Rome #3),R$10.69,14
260,Take Me with You,R$45.21,14
261,Swell: A Year of Waves,R$45.58,14
262,Superman Vol. 1: Before Truth (Superman by Gene Luen Yang #1),R$11.89,14
263,Still Life with Bread Crumbs,R$26.41,14
264,Steve Jobs,R$39.50,14
265,Sorting the Beef from the Bull: The Science of Food Fraud Forensics,R$44.74,14
266,Someone Like You (The Harrisons #2),R$52.79,14
267,"So Cute It Hurts!!, Vol. 6 (So Cute It Hurts!! #6)",R$35.43,14
268,Shtum,R$55.84,14
269,See America: A Celebration of Our National Parks & Treasured Sites,R$48.87,14
270,salt.,R$46.78,14
271,Robin War,R$47.82,14
272,"Red Hood/Arsenal, Vol. 1: Open for Business (Red Hood/Arsenal #1)",R$25.48,14
273,Rain Fish,R$23.57,14
274,"Quarter Life Poetry: Poems for the Young, Broke and Hangry",R$50.89,14
275,Pet Sematary,R$10.56,14
276,"Overload: How to Unplug, Unwind, and Unleash Yourself from the Pressure of Stress",R$52.15,14
277,Once Was a Time,R$18.28,14
278,Old School (Diary of a Wimpy Kid #10),R$11.83,14
279,No Dream Is Too High: Life Lessons From a Man Who Walked on the Moon,R$21.95,14
280,"Naruto (3-in-1 Edition), Vol. 14: Includes Vols. 40, 41 & 42 (Naruto: Omnibus #14)",R$38.39,14
281,My Name Is Lucy Barton,R$41.56,14
282,My Mrs. Brown,R$24.48,14
283,My Kind of Crazy,R$40.36,14
284,Mr. Mercedes (Bill Hodges Trilogy #1),R$28.90,14
285,More Than Music (Chasing the Dream #1),R$37.61,14
286,Made to Stick: Why Some Ideas Survive and Others Die,R$38.85,14
287,Luis Paints the World,R$53.95,14
288,Luckiest Girl Alive,R$49.83,14
289,Lowriders to the Center of the Earth (Lowriders in Space #2),R$51.51,14
290,Love Is a Mix Tape (Music #1),R$18.03,14
291,Looking for Lovely: Collecting the Moments that Matter,R$29.14,14
292,"Living Leadership by Insight: A Good Leader Achieves, a Great Leader Builds Monuments",R$46.91,14
293,Let It Out: A Journey Through Journaling,R$26.79,14
294,Lady Midnight (The Dark Artifices #1),R$16.28,14
295,"It's All Easy: Healthy, Delicious Weeknight Meals in under 30 Minutes",R$19.55,14
296,Island of Dragons (Unwanteds #7),R$29.65,14
297,I Know What I'm Doing -- and Other Lies I Tell Myself: Dispatches from a Life Under Construction,R$25.98,14
298,I Am Pilgrim (Pilgrim #1),R$10.60,14
299,"Hyperbole and a Half: Unfortunate Situations, Flawed Coping Mechanisms, Mayhem, and Other Things That Happened",R$14.75,14
300,"Hush, Hush (Hush, Hush #1)",R$47.02,14
301,Hold Your Breath (Search and Rescue #1),R$28.82,14
302,Hamilton: The Revolution,R$58.79,14
303,Greek Mythic History,R$10.23,14
304,God: The Most Unpleasant Character in All Fiction,R$30.03,14
305,Glory over Everything: Beyond The Kitchen House,R$45.84,14
306,Feathers: Displays of Brilliant Plumage,R$49.05,14
307,"Far & Away: Places on the Brink of Change: Seven Continents, Twenty-Five Years",R$15.06,14
308,Every Last Word,R$46.47,14
309,Eligible (The Austen Project #4),R$27.09,14
310,El Deafo,R$57.62,14
311,Eight Hundred Grapes,R$14.39,14
312,"Eaternity: More than 150 Deliciously Easy Vegan Recipes for a Long, Healthy, Satisfied, Joyful Life",R$51.75,14
313,"Eat Fat, Get Thin",R$54.07,14
314,Don't Get Caught,R$55.35,14
315,Doctor Sleep (The Shining #2),R$40.12,14
316,Demigods & Magicians: Percy and Annabeth Meet the Kanes (Percy Jackson & Kane Chronicles Crossover #1-3),R$37.51,14
317,Dear Mr. Knightley,R$11.21,14
318,Daily Fantasy Sports,R$36.58,14
319,Crazy Love: Overwhelmed by a Relentless God,R$47.72,14
320,Cometh the Hour (The Clifton Chronicles #6),R$25.01,14
321,Code Name Verity (Code Name Verity #1),R$22.13,14
322,Clockwork Angel (The Infernal Devices #1),R$44.14,14
323,City of Glass (The Mortal Instruments #3),R$56.02,14
324,City of Fallen Angels (The Mortal Instruments #4),R$11.23,14
325,City of Bones (The Mortal Instruments #1),R$43.28,14
326,City of Ashes (The Mortal Instruments #2),R$47.27,14
327,Cell,R$20.29,14
328,Catching Jordan (Hundred Oaks),R$50.83,14
329,"Carry On, Warrior: Thoughts on Life Unarmed",R$31.85,14
330,Carrie,R$46.23,14
331,Buying In: The Secret Dialogue Between What We Buy and Who We Are,R$37.80,14
332,Brain on Fire: My Month of Madness,R$49.32,14
333,Batman: Europa,R$32.01,14
334,Barefoot Contessa Back to Basics,R$28.01,14
335,Barefoot Contessa at Home: Everyday Recipes You'll Make Over and Over Again,R$50.62,14
336,Balloon Animals,R$17.03,14
337,Art Ops Vol. 1,R$48.80,14
338,Aristotle and Dante Discover the Secrets of the Universe (Aristotle and Dante Discover the Secrets of the Universe #1),R$58.14,14
339,Angels Walking (Angels Walking #1),R$34.20,14
340,Angels & Demons (Robert Langdon #1),R$51.48,14
341,All the Light We Cannot See,R$29.87,14
342,"Adulthood Is a Myth: A ""Sarah's Scribbles"" Collection",R$10.90,14
343,Abstract City,R$56.37,14
344,A Time of Torment (Charlie Parker #14),R$48.35,14
345,A Study in Scarlet (Sherlock Holmes #1),R$16.73,14
346,"A Series of Catastrophes and Miracles: A True Story of Love, Science, and Cancer",R$56.48,14
347,A People's History of the United States,R$40.79,14
348,A Man Called Ove,R$39.72,14
349,A Distant Mirror: The Calamitous 14th Century,R$14.58,14
350,A Brush of Wings (Angels Walking #3),R$55.51,14
351,1491: New Revelations of the Americas Before Columbus,R$21.80,14
352,"The Three Searches, Meaning, and the Story",R$13.33,13
353,Searching for Meaning in Gailana,R$38.73,13
354,Rook,R$37.86,13
355,My Kitchen Year: 136 Recipes That Saved My Life,R$11.53,13
356,13 Hours: The Inside Account of What Really Happened In Benghazi,R$27.06,13
357,Will You Won't You Want Me?,R$13.86,12
358,Tipping Point for Planet Earth: How Close Are We to the Edge?,R$37.55,12
359,The Star-Touched Queen,R$32.30,12
360,The Silent Sister (Riley MacPherson #1),R$46.29,12
361,The Midnight Watch: A Novel of the Titanic and the Californian,R$26.20,12
362,The Lonely City: Adventures in the Art of Being Alone,R$33.26,12
363,The Gray Rhino: How to Recognize and Act on the Obvious Dangers We Ignore,R$59.15,12
364,The Golden Condom: And Other Essays on Love Lost and Found,R$39.43,12
365,The Epidemic (The Program 0.6),R$14.44,12
366,The Dinner Party,R$56.54,12
367,The Diary of a Young Girl,R$59.90,12
368,The Children,R$11.88,12
369,Stars Above (The Lunar Chronicles #4.5),R$48.05,12
370,Snatched: How A Drug Queen Went Undercover for the DEA and Was Kidnapped By Colombian Guerillas,R$21.21,12
371,Raspberry Pi Electronics Projects for the Evil Genius,R$49.67,12
372,Quench Your Own Thirst: Business Lessons Learned Over a Beer or Two,R$43.14,12
373,Psycho: Sanitarium (Psycho #1.5),R$36.97,12
374,Poisonous (Max Revere Novels #3),R$26.80,12
375,One with You (Crossfire #5),R$15.71,12
376,No Love Allowed (Dodge Cove #1),R$54.65,12
377,Murder at the 42nd Street Library (Raymond Ambler #1),R$54.36,12
378,Most Wanted,R$35.28,12
379,"Love, Lies and Spies",R$20.55,12
380,How to Speak Golf: An Illustrated Guide to Links Lingo,R$58.32,12
381,Hide Away (Eve Duncan #20),R$11.84,12
382,Furiously Happy: A Funny Book About Horrible Things,R$41.46,12
383,Everyday Italian: 125 Simple and Delicious Recipes,R$20.10,12
384,Equal Is Unfair: America's Misguided Fight Against Income Inequality,R$56.86,12
385,Eleanor & Park,R$56.51,12
386,Dirty (Dive Bar #1),R$40.83,12
387,Can You Keep a Secret? (Fear Street Relaunch #4),R$48.64,12
388,Boar Island (Anna Pigeon #19),R$59.48,12
389,A Paris Apartment,R$39.01,12
390,"A la Mode: 120 Recipes in 60 Pairings: Pies, Tarts, Cakes, Crisps, and More Topped with Ice Cream, Gelato, Frozen Custard, and More",R$38.77,12
391,Troublemaker: Surviving Hollywood and Scientology,R$48.39,11
392,The Widow,R$27.26,11
393,"The Sleep Revolution: Transforming Your Life, One Night at a Time",R$11.68,11
394,The Improbability of Love,R$59.45,11
395,The Art of Startup Fundraising,R$21.00,11
396,Take Me Home Tonight (Rock Star Romance #3),R$53.98,11
397,Sleeping Giants (Themis Files #1),R$48.74,11
398,"Setting the World on Fire: The Brief, Astonishing Life of St. Catherine of Siena",R$21.15,11
399,Playing with Fire,R$13.71,11
400,Off the Hook (Fishing for Trouble #1),R$47.67,11
401,Mothering Sunday,R$13.34,11
402,"Mother, Can You Not?",R$16.89,11
403,M Train,R$27.18,11
404,Lilac Girls,R$17.28,11
405,Lies and Other Acts of Love,R$45.14,11
406,Lab Girl,R$40.85,11
407,Keep Me Posted,R$20.46,11
408,It Didn't Start with You: How Inherited Family Trauma Shapes Who We Are and How to End the Cycle,R$56.27,11
409,Grey (Fifty Shades #4),R$48.49,11
410,"Exit, Pursued by a Bear",R$51.34,11
411,Daredevils,R$16.34,11
412,Cravings: Recipes for What You Want to Eat,R$20.50,11
413,Born for This: How to Find the Work You Were Meant to Do,R$21.59,11
414,Arena,R$21.36,11
415,Adultery,R$20.88,11
416,A Mother's Reckoning: Living in the Aftermath of Tragedy,R$19.53,11
417,A Gentleman's Position (Society of Gentlemen #3),R$14.75,11
418,11/22/63,R$48.48,11
419,"10% Happier: How I Tamed the Voice in My Head, Reduced Stress Without Losing My Edge, and Found Self-Help That Actually Works",R$24.57,10
420,10-Day Green Smoothie Cleanse: Lose Up to 15 Pounds in 10 Days!,R$49.71,10
421,Without Shame,R$48.27,9
422,Watchmen,R$58.05,9
423,Unlimited Intuition Now,R$58.87,9
424,Underlying Notes,R$11.82,9
425,The Shack,R$28.03,9
426,The New Brand You: Your New Image Makes the Sale for You,R$44.05,9
427,"The Moosewood Cookbook: Recipes from Moosewood Restaurant, Ithaca, New York",R$12.34,9
428,The Flowers Lied,R$16.68,9
429,"The Fabric of the Cosmos: Space, Time, and the Texture of Reality",R$55.91,9
430,The Book of Mormon,R$24.57,9
431,The Art and Science of Low Carbohydrate Living,R$52.98,9
432,The Alien Club,R$54.40,9
433,Suzie Snowflake: One beautiful flake (a self-esteem story),R$54.81,9
434,Nap-a-Roo,R$25.08,9
435,"NaNo What Now? Finding your editing process, revising your NaNoWriMo book and building a writing career through publishing and beyond",R$10.41,9
436,Modern Day Fables,R$47.44,9
437,If I Gave You God's Phone Number....: Searching for Spirituality in America,R$20.91,9
438,"Fruits Basket, Vol. 9 (Fruits Basket #9)",R$33.95,9
439,Dress Your Family in Corduroy and Denim,R$43.68,9
440,Don't Forget Steven,R$33.23,9
441,Chernobyl 01:23:40: The Incredible True Story of the World's Worst Nuclear Disaster,R$35.92,9
442,Art and Fear: Observations on the Perils (and Rewards) of Artmaking,R$48.63,9
443,A Shard of Ice (The Black Symphony Saga #1),R$56.63,9
444,A Hero's Curse (The Unseen Chronicles #1),R$50.49,9
445,23 Degrees South: A Tropical Tale of Changing Whether...,R$35.79,9
446,"Zero to One: Notes on Startups, or How to Build the Future",R$34.06,8
447,Why Not Me?,R$17.76,8
448,When Breath Becomes Air,R$39.36,8
449,Vagabonding: An Uncommon Guide to the Art of Long-Term World Travel,R$36.94,8
450,The Unlikely Pilgrimage of Harold Fry (Harold Fry #1),R$43.62,8
451,The New Drawing on the Right Side of the Brain,R$43.02,8
452,"The Midnight Assassin: Panic, Scandal, and the Hunt for America's First Serial Killer",R$28.45,8
453,The Martian (The Martian #1),R$41.39,8
454,The High Mountains of Portugal,R$51.15,8
455,The Grownup,R$35.88,8
456,The E-Myth Revisited: Why Most Small Businesses Don't Work and What to Do About It,R$36.91,8
457,South of Sunshine,R$28.93,8
458,Smarter Faster Better: The Secrets of Being Productive in Life and Business,R$38.89,8
459,Silence in the Dark (Logan Point #4),R$58.33,8
460,Shadows of the Past (Logan Point #1),R$39.67,8
461,Roller Girl,R$14.10,8
462,Rising Strong,R$21.82,8
463,Proofs of God: Classical Arguments from Tertullian to Barth,R$54.21,8
464,Please Kill Me: The Uncensored Oral History of Punk,R$31.19,8
465,Out of Print: City Lights Spotlight No. 14,R$53.64,8
466,My Life Next Door (My Life Next Door ),R$36.39,8
467,Miller's Valley,R$58.54,8
468,Man's Search for Meaning,R$29.48,8
469,"Love That Boy: What Two Presidents, Eight Road Trips, and My Son Taught Me About a Parent's Expectations",R$25.06,8
470,Living Forward: A Proven Plan to Stop Drifting and Get the Life You Want,R$12.55,8
471,Les Fleurs du Mal,R$29.04,8
472,Left Behind (Left Behind #1),R$40.72,8
473,Kill 'Em and Leave: Searching for James Brown and the American Soul,R$45.05,8
474,Kierkegaard: A Christian Missionary to Christians,R$47.13,8
475,John Vassos: Industrial Design for Modern Life,R$20.22,8
476,I'll Give You the Sun,R$56.48,8
477,I Will Find You,R$44.21,8
478,Hystopia: A Novel,R$21.96,8
479,Howl and Other Poems,R$40.45,8
480,History of Beauty,R$10.29,8
481,Heaven is for Real: A Little Boy's Astounding Story of His Trip to Heaven and Back,R$52.86,8
482,Future Shock (Future Shock #1),R$55.65,8
483,Ender's Game (The Ender Quintet #1),R$43.64,8
484,Diary of a Citizen Scientist: Chasing Tiger Beetles and Other New Ways of Engaging the World,R$28.41,8
485,Death by Leisure: A Cautionary Tale,R$37.51,8
486,Brilliant Beacons: A History of the American Lighthouse,R$11.45,8
487,Brazen: The Courage to Find the You That's Been Hiding,R$19.22,8
488,Between the World and Me,R$56.91,8
489,Being Mortal: Medicine and What Matters in the End,R$55.06,8
490,"A Murder Over a Girl: Justice, Gender, Junior High",R$13.20,8
491,32 Yolks,R$53.63,8
492,"""Most Blessed of the Patriarchs"": Thomas Jefferson and the Empire of the Imagination",R$44.48,8
493,You Are a Badass: How to Stop Doubting Your Greatness and Start Living an Awesome Life,R$12.08,7
494,Wildlife of New York: A Five-Borough Coloring Book,R$22.14,7
495,What Happened on Beale Street (Secrets of the South Mysteries #2),R$25.37,7
496,Unreasonable Hope: Finding Faith in the God Who Brings Purpose to Your Pain,R$46.33,7
497,Under the Tuscan Sun,R$37.33,7
498,Toddlers Are A**holes: It's Not Your Fault,R$25.55,7
499,The Year of Living Biblically: One Man's Humble Quest to Follow the Bible as Literally as Possible,R$34.72,7
500,The Whale,R$35.96,7
501,The Story of Art,R$41.14,7
502,The Origin of Species,R$10.01,7
503,The Great Gatsby,R$36.05,7
504,The Good Girl,R$49.03,7
505,The Glass Castle,R$16.24,7
506,The Faith of Christopher Hitchens: The Restless Soul of the World's Most Notorious Atheist,R$39.55,7
507,The Drowning Girls,R$35.67,7
508,The Constant Princess (The Tudor Court #1),R$16.62,7
509,The Bourne Identity (Jason Bourne #1),R$42.78,7
510,The Bachelor Girl's Guide to Murder (Herringford and Watts Mysteries #1),R$52.30,7
511,The Art Book,R$32.34,7
512,The 7 Habits of Highly Effective People: Powerful Lessons in Personal Change,R$33.17,7
513,Team of Rivals: The Political Genius of Abraham Lincoln,R$20.12,7
514,Steal Like an Artist: 10 Things Nobody Told You About Being Creative,R$20.90,7
515,"Sit, Stay, Love",R$20.90,7
516,Sister Dear,R$40.20,7
517,"Shrunken Treasures: Literary Classics, Short, Sweet, and Silly",R$52.87,7
518,"Rich Dad, Poor Dad",R$51.74,7
519,Raymie Nightingale,R$34.41,7
520,Playing from the Heart,R$32.38,7
521,Nightstruck: A Novel,R$50.35,7
522,"Naturally Lean: 125 Nourishing Gluten-Free, Plant-Based Recipes--All Under 300 Calories",R$11.38,7
523,Meternity,R$43.58,7
524,Memoirs of a Geisha,R$49.67,7
525,Like Never Before (Walker Family #2),R$28.77,7
526,Life of Pi,R$13.22,7
527,Leave This Song Behind: Teen Poetry at Its Best,R$51.17,7
528,King's Folly (The Kinsman Chronicles #1),R$39.61,7
529,John Adams,R$57.43,7
530,How to Cook Everything Vegetarian: Simple Meatless Recipes for Great Food (How to Cook Everything),R$46.01,7
531,How to Be a Domestic Goddess: Baking and the Art of Comfort Cooking,R$28.25,7
532,Good in Bed (Cannie Shapiro #1),R$37.05,7
533,"Fruits Basket, Vol. 7 (Fruits Basket #7)",R$19.57,7
534,For the Love: Fighting for Grace in a World of Impossible Standards,R$45.13,7
535,Finding God in the Ruins: How God Redeems Pain,R$46.64,7
536,Every Heart a Doorway (Every Heart A Doorway #1),R$12.16,7
537,Delivering the Truth (Quaker Midwife Mystery #1),R$20.89,7
538,Counted With the Stars (Out from Egypt #1),R$17.97,7
539,"Chronicles, Vol. 1",R$52.60,7
540,Blue Like Jazz: Nonreligious Thoughts on Christian Spirituality,R$25.77,7
541,Benjamin Franklin: An American Life,R$48.19,7
542,"At The Existentialist Café: Freedom, Being, and apricot cocktails with: Jean-Paul Sartre, Simone de Beauvoir, Albert Camus, Martin Heidegger, Edmund Husserl, Karl Jaspers, Maurice Merleau-Ponty and others",R$29.93,7
543,A Summer In Europe,R$44.34,7
544,A Short History of Nearly Everything,R$52.40,7
545,A Gathering of Shadows (Shades of Magic #2),R$44.81,7
546,The Sound Of Love,R$57.84,6
547,The Rise and Fall of the Third Reich: A History of Nazi Germany,R$39.67,6
548,The Perks of Being a Wallflower,R$55.02,6
549,The Mysterious Affair at Styles (Hercule Poirot #1),R$24.80,6
550,The Man Who Mistook His Wife for a Hat and Other Clinical Tales,R$59.45,6
551,The Makings of a Fatherless Child,R$31.58,6
552,The Joy of Cooking,R$43.27,6
553,The Invention of Wings,R$37.34,6
554,The Hobbit (Middle-Earth Universe),R$17.80,6
555,The Great Railway Bazaar,R$30.54,6
556,The Golden Compass (His Dark Materials #1),R$18.77,6
557,The God Delusion,R$46.85,6
558,The Girl You Left Behind (The Girl You Left Behind #1),R$15.79,6
559,The Fellowship of the Ring (The Lord of the Rings #1),R$10.27,6
560,The Collected Poems of W.B. Yeats (The Collected Works of W.B. Yeats #1),R$15.42,6
561,The Barefoot Contessa Cookbook,R$59.92,6
562,Tell the Wolves I'm Home,R$50.96,6
563,Ship Leaves Harbor: Essays on Travel by a Recovering Journeyman,R$30.60,6
564,Pride and Prejudice,R$19.27,6
565,Musicophilia: Tales of Music and the Brain,R$46.58,6
566,Mere Christianity,R$48.51,6
567,Me Before You (Me Before You #1),R$19.02,6
568,In the Woods (Dublin Murder Squad #1),R$38.38,6
569,In Cold Blood,R$49.98,6
570,How to Stop Worrying and Start Living,R$46.49,6
571,Give It Back,R$18.32,6
572,"Girl, Interrupted",R$42.14,6
573,Fun Home: A Family Tragicomic,R$56.59,6
574,"Fruits Basket, Vol. 6 (Fruits Basket #6)",R$20.96,6
575,Deception Point,R$40.32,6
576,"Death Note, Vol. 6: Give-and-Take (Death Note #6)",R$36.39,6
577,Catherine the Great: Portrait of a Woman,R$58.55,6
578,Better Homes and Gardens New Cook Book,R$39.61,6
579,An Unquiet Mind: A Memoir of Moods and Madness,R$21.30,6
580,A Year in Provence (Provence #1),R$56.88,6
581,World Without End (The Pillars of the Earth #2),R$32.97,5
582,"Will Grayson, Will Grayson (Will Grayson, Will Grayson)",R$47.31,5
583,Why Save the Bankers?: And Other Essays on Our Economic and Political Crisis,R$48.67,5
584,Where She Went (If I Stay #2),R$41.73,5
585,What If?: Serious Scientific Answers to Absurd Hypothetical Questions,R$53.68,5
586,Two Summers,R$14.64,5
587,This Is Your Brain on Music: The Science of a Human Obsession,R$38.40,5
588,The Secret Garden,R$15.08,5
589,The Raven King (The Raven Cycle #4),R$30.57,5
590,The Raven Boys (The Raven Cycle #1),R$57.74,5
591,The Power Greens Cookbook: 140 Delicious Superfood Recipes,R$11.05,5
592,The Metamorphosis,R$28.58,5
593,The Mathews Men: Seven Brothers and the War Against Hitler's U-boats,R$42.91,5
594,The Little Paris Bookshop,R$24.73,5
595,The Hiding Place,R$55.91,5
596,The Grand Design,R$13.76,5
597,The Firm,R$45.56,5
598,The Fault in Our Stars,R$47.22,5
599,The False Prince (The Ascendance Trilogy #1),R$56.00,5
600,The Expatriates,R$44.58,5
601,The Dream Thieves (The Raven Cycle #2),R$34.50,5
602,The Darkest Corners,R$11.33,5
603,The Crossover,R$38.77,5
604,The 5th Wave (The 5th Wave #1),R$11.83,5
605,Tell the Wind and Fire,R$45.51,5
606,Tell Me Three Things,R$41.81,5
607,Talking to Girls About Duran Duran: One Young Man's Quest for True Love and a Cooler Haircut,R$25.15,5
608,Siddhartha,R$34.22,5
609,Shiver (The Wolves of Mercy Falls #1),R$16.23,5
610,Remember Me?,R$11.48,5
611,Red Dragon (Hannibal Lecter #1),R$23.37,5
612,Peak: Secrets from the New Science of Expertise,R$16.28,5
613,My Mother Was Nuts,R$31.63,5
614,Mexican Today: New and Rediscovered Recipes for Contemporary Kitchens,R$24.91,5
615,Maybe Something Beautiful: How Art Transformed a Neighborhood,R$22.54,5
616,Lola and the Boy Next Door (Anna and the French Kiss #2),R$23.63,5
617,Logan Kade (Fallen Crest High #5.5),R$13.12,5
618,Last One Home (New Beginnings #1),R$59.98,5
619,Killing Floor (Jack Reacher #1),R$31.49,5
620,Kill the Boy Band,R$15.52,5
621,Isla and the Happily Ever After (Anna and the French Kiss #3),R$48.13,5
622,If I Stay (If I Stay #1),R$38.13,5
623,I Know Why the Caged Bird Sings (Maya Angelou's Autobiography #1),R$36.55,5
624,Harry Potter and the Deathly Hallows (Harry Potter #7),R$23.32,5
625,"Fruits Basket, Vol. 5 (Fruits Basket #5)",R$16.33,5
626,Foundation (Foundation (Publication Order) #1),R$32.42,5
627,Fool Me Once,R$16.96,5
628,Find Her (Detective D.D. Warren #8),R$22.37,5
629,Evicted: Poverty and Profit in the American City,R$42.27,5
630,Drama,R$38.70,5
631,Dracula the Un-Dead,R$35.63,5
632,Digital Fortress,R$58.00,5
633,"Death Note, Vol. 5: Whiteout (Death Note #5)",R$52.41,5
634,"Data, A Love Story: How I Gamed Online Dating to Meet My Match",R$32.35,5
635,Critique of Pure Reason,R$20.75,5
636,Booked,R$17.49,5
637,"Blue Lily, Lily Blue (The Raven Cycle #3)",R$34.13,5
638,Approval Junkie: Adventures in Caring Too Much,R$58.81,5
639,An Abundance of Katherines,R$10.00,5
640,America's War for the Greater Middle East: A Military History,R$51.22,5
641,Alight (The Generations Trilogy #2),R$58.59,5
642,A Girl's Guide to Moving On (New Beginnings #2),R$31.30,5
643,A Game of Thrones (A Song of Ice and Fire #1),R$46.42,5
644,A Feast for Crows (A Song of Ice and Fire #4),R$17.21,5
645,A Clash of Kings (A Song of Ice and Fire #2),R$10.79,5
646,Vogue Colors A to Z: A Fashion Coloring Book,R$52.35,4
647,The Shining (The Shining #1),R$27.88,4
648,The Pilgrim's Progress,R$50.26,4
649,The Perfect Play (Play by Play #1),R$59.99,4
650,The Passion of Dolssa,R$28.32,4
651,The Jazz of Physics: The Secret Link Between Music and the Structure of the Universe,R$38.71,4
652,The Hunger Games (The Hunger Games #1),R$29.85,4
653,The Hound of the Baskervilles (Sherlock Holmes #5),R$14.82,4
654,The Gunning of America: Business and the Making of American Gun Culture,R$16.81,4
655,The Geography of Bliss: One Grump's Search for the Happiest Places in the World,R$28.23,4
656,The Demonists (Demonist #1),R$52.11,4
657,"The Demon Prince of Momochi House, Vol. 4 (The Demon Prince of Momochi House #4)",R$27.88,4
658,The Bone Hunters (Lexy Vaughan & Steven Macaulay #2),R$59.71,4
659,The Beast (Black Dagger Brotherhood #14),R$46.08,4
660,Some Women,R$13.73,4
661,Shopaholic Ties the Knot (Shopaholic #3),R$48.39,4
662,Paper and Fire (The Great Library #2),R$49.45,4
663,Outlander (Outlander #1),R$19.67,4
664,"Orchestra of Exiles: The Story of Bronislaw Huberman, the Israel Philharmonic, and the One Thousand Jews He Saved from Nazi Horrors",R$12.36,4
665,No One Here Gets Out Alive,R$20.02,4
666,Night Shift (Night Shift #1-20),R$12.75,4
667,Needful Things,R$47.51,4
668,Mockingjay (The Hunger Games #3),R$20.44,4
669,Misery,R$34.79,4
670,Little Women (Little Women #1),R$28.07,4
671,It,R$25.01,4
672,Harry Potter and the Sorcerer's Stone (Harry Potter #1),R$13.90,4
673,Harry Potter and the Prisoner of Azkaban (Harry Potter #3),R$24.17,4
674,Harry Potter and the Order of the Phoenix (Harry Potter #5),R$31.63,4
675,Harry Potter and the Half-Blood Prince (Harry Potter #6),R$48.75,4
676,Harry Potter and the Chamber of Secrets (Harry Potter #2),R$14.74,4
677,Gone with the Wind,R$32.49,4
678,God Is Not Great: How Religion Poisons Everything,R$27.80,4
679,Girl With a Pearl Earring,R$26.77,4
680,"Fruits Basket, Vol. 4 (Fruits Basket #4)",R$50.44,4
681,Far From True (Promise Falls Trilogy #2),R$34.93,4
682,Dark Lover (Black Dagger Brotherhood #1),R$12.87,4
683,Confessions of a Shopaholic (Shopaholic #1),R$48.94,4
684,Changing the Game (Play by Play #2),R$13.38,4
685,Candide,R$58.63,4
686,Can You Keep a Secret?,R$21.94,4
687,Atlas Shrugged,R$26.58,4
688,Animal Farm,R$57.22,4
689,A Walk to Remember,R$56.43,4
690,A New Earth: Awakening to Your Life's Purpose,R$55.65,4
691,"A History of God: The 4,000-Year Quest of Judaism, Christianity, and Islam",R$27.62,4
692,'Salem's Lot,R$49.56,4
693,Zero History (Blue Ant #3),R$34.77,3
694,Wuthering Heights,R$17.73,3
695,World War Z: An Oral History of the Zombie War,R$21.80,3
696,Wild: From Lost to Found on the Pacific Crest Trail,R$46.02,3
697,"Where'd You Go, Bernadette",R$18.13,3
698,When You Are Engulfed in Flames,R$30.89,3
699,We the People: The Modern-Day Figures Who Have Reshaped and Affirmed the Founding Fathers' Vision of America,R$31.95,3
700,We Are All Completely Beside Ourselves,R$24.04,3
701,Walk the Edge (Thunder Road #2),R$32.36,3
702,Voyager (Outlander #3),R$21.07,3
703,Very Good Lives: The Fringe Benefits of Failure and the Importance of Imagination,R$50.66,3
704,Vegan Vegetarian Omnivore: Dinner for Everyone at the Table,R$13.66,3
705,"Unstuffed: Decluttering Your Home, Mind, and Soul",R$58.09,3
706,Under the Banner of Heaven: A Story of Violent Faith,R$30.00,3
707,Two Boys Kissing,R$32.74,3
708,Twilight (Twilight #1),R$41.93,3
709,Twenties Girl,R$42.80,3
710,"Trespassing Across America: One Man's Epic, Never-Done-Before (and Sort of Illegal) Hike Across the Heartland",R$53.51,3
711,Three-Martini Lunch,R$23.21,3
712,"Thinking, Fast and Slow",R$21.14,3
713,The Wild Robot,R$56.07,3
714,"The Wicked + The Divine, Vol. 3: Commercial Suicide (The Wicked + The Divine)",R$14.41,3
715,The Undomestic Goddess,R$45.75,3
716,The Travelers,R$15.77,3
717,The Tipping Point: How Little Things Can Make a Big Difference,R$10.02,3
718,The Thing About Jellyfish,R$48.77,3
719,The Stand,R$57.86,3
720,The Smitten Kitchen Cookbook,R$23.59,3
721,The Silkworm (Cormoran Strike #2),R$23.05,3
722,"The Sandman, Vol. 3: Dream Country (The Sandman (volumes) #3)",R$55.55,3
723,The Rose & the Dagger (The Wrath and the Dawn #2),R$58.64,3
724,The Road to Little Dribbling: Adventures of an American in Britain (Notes From a Small Island #2),R$23.21,3
725,The Rise of Theodore Roosevelt (Theodore Roosevelt #1),R$42.57,3
726,The Restaurant at the End of the Universe (Hitchhiker's Guide to the Galaxy #2),R$10.92,3
727,The Rest Is Noise: Listening to the Twentieth Century,R$34.77,3
728,The Red Tent,R$35.66,3
729,The Purpose Driven Life: What on Earth Am I Here for?,R$37.19,3
730,The Purest Hook (Second Circle Tattoos #3),R$12.25,3
731,The Picture of Dorian Gray,R$29.70,3
732,The Paris Wife,R$36.80,3
733,The Obsession,R$45.43,3
734,The Nightingale,R$26.26,3
735,The New Guy (and Other Senior Year Distractions),R$44.92,3
736,The Nanny Diaries (Nanny #1),R$52.53,3
737,The Name of God is Mercy,R$37.25,3
738,The Maze Runner (The Maze Runner #1),R$20.93,3
739,The Lover's Dictionary,R$58.09,3
740,The Lonely Ones,R$43.59,3
741,The Lean Startup: How Today's Entrepreneurs Use Continuous Innovation to Create Radically Successful Businesses,R$33.92,3
742,The Last Painting of Sara de Vos,R$55.55,3
743,"The Land of 10,000 Madonnas",R$29.64,3
744,The Infinities,R$27.41,3
745,The Husband's Secret,R$52.51,3
746,The Hitchhiker's Guide to the Galaxy (Hitchhiker's Guide to the Galaxy #1),R$47.80,3
747,The Guns of August,R$14.54,3
748,The Guernsey Literary and Potato Peel Pie Society,R$49.53,3
749,The Goldfinch,R$43.58,3
750,The Giver (The Giver Quartet #1),R$12.30,3
751,The Girl with All the Gifts,R$49.47,3
752,The Girl Who Played with Fire (Millennium Trilogy #2),R$22.14,3
753,The Girl Who Kicked the Hornet's Nest (Millennium Trilogy #3),R$57.48,3
754,The Exiled,R$43.45,3
755,"The End of Faith: Religion, Terror, and the Future of Reason",R$22.13,3
756,"The Elegant Universe: Superstrings, Hidden Dimensions, and the Quest for the Ultimate Theory",R$13.03,3
757,"The Disappearing Spoon: And Other True Tales of Madness, Love, and the History of the World from the Periodic Table of the Elements",R$57.35,3
758,The Devil Wears Prada (The Devil Wears Prada #1),R$44.29,3
759,The Demon-Haunted World: Science as a Candle in the Dark,R$52.25,3
760,The Day the Crayons Came Home (Crayons),R$26.33,3
761,The Da Vinci Code (Robert Langdon #2),R$22.96,3
762,The Cuckoo's Calling (Cormoran Strike #1),R$19.21,3
763,The Complete Stories and Poems (The Works of Edgar Allan Poe [Cameo Edition]),R$26.78,3
764,The Complete Poems,R$41.32,3
765,The Catcher in the Rye,R$24.55,3
766,The Cat in the Hat (Beginner Books B-1),R$16.26,3
767,The Case for Christ (Cases for Christianity),R$47.84,3
768,The Book Thief,R$53.49,3
769,The Book of Basketball: The NBA According to The Sports Guy,R$44.84,3
770,The Blind Side: Evolution of a Game,R$53.71,3
771,The Autobiography of Malcolm X,R$23.43,3
772,"The Art of Simple Food: Notes, Lessons, and Recipes from a Delicious Revolution",R$34.32,3
773,The Art of Fielding,R$22.10,3
774,"Surely You're Joking, Mr. Feynman!: Adventures of a Curious Character",R$25.83,3
775,Stiff: The Curious Lives of Human Cadavers,R$36.74,3
776,Spilled Milk: Based on a True Story,R$49.51,3
777,Something Borrowed (Darcy & Rachel #1),R$48.96,3
778,Something Blue (Darcy & Rachel #2),R$54.62,3
779,Soldier (Talon #3),R$24.72,3
780,Shopaholic & Baby (Shopaholic #5),R$46.45,3
781,Seven Days in the Art World,R$52.33,3
782,Seven Brief Lessons on Physics,R$30.60,3
783,Scarlet (The Lunar Chronicles #2),R$14.57,3
784,Sarah's Key,R$46.29,3
785,"Saga, Volume 3 (Saga (Collected Editions) #3)",R$21.57,3
786,Running with Scissors,R$12.91,3
787,Rogue Lawyer (Rogue Lawyer #1),R$50.11,3
788,"Rise of the Rocket Girls: The Women Who Propelled Us, from Missiles to the Moon to Mars",R$41.67,3
789,Rework,R$44.88,3
790,Reservations for Two,R$11.10,3
791,Red: The True Story of Red Riding Hood,R$28.54,3
792,Ready Player One,R$19.07,3
793,Quiet: The Power of Introverts in a World That Can't Stop Talking,R$43.55,3
794,Prodigy: The Graphic Novel (Legend: The Graphic Novel #2),R$43.63,3
795,Persepolis: The Story of a Childhood (Persepolis #1-2),R$39.13,3
796,Packing for Mars: The Curious Science of Life in the Void,R$56.68,3
797,Outliers: The Story of Success,R$14.16,3
798,Original Fake,R$31.45,3
799,Orange Is the New Black,R$24.61,3
800,One for the Money (Stephanie Plum #1),R$32.87,3
801,Notes from a Small Island (Notes From a Small Island #1),R$40.17,3
802,Night (The Night Trilogy #1),R$13.51,3
803,Neither Here nor There: Travels in Europe,R$38.95,3
804,Naked,R$31.69,3
805,Morning Star (Red Rising #3),R$29.40,3
806,"Miracles from Heaven: A Little Girl, Her Journey to Heaven, and Her Amazing Story of Healing",R$57.83,3
807,Midnight Riot (Peter Grant/ Rivers of London - books #1),R$55.46,3
808,Me Talk Pretty One Day,R$57.60,3
809,Manuscript Found in Accra,R$34.98,3
810,Lust & Wonder,R$11.87,3
811,Lila (Gilead #3),R$12.47,3
812,"Life, the Universe and Everything (Hitchhiker's Guide to the Galaxy #3)",R$33.26,3
813,Life Without a Recipe,R$59.04,3
814,Life After Life,R$26.13,3
815,Letter to a Christian Nation,R$22.20,3
816,Let's Pretend This Never Happened: A Mostly True Memoir,R$45.11,3
817,Legend (Legend #1),R$43.69,3
818,"Lean In: Women, Work, and the Will to Lead",R$25.02,3
819,"Lamb: The Gospel According to Biff, Christ's Childhood Pal",R$55.50,3
820,Lady Renegades (Rebel Belle #3),R$53.04,3
821,Jurassic Park (Jurassic Park #1),R$44.97,3
822,It's Never Too Late to Begin Again: Discovering Creativity and Meaning at Midlife and Beyond,R$42.38,3
823,Is Everyone Hanging Out Without Me? (And Other Concerns),R$20.11,3
824,Into the Wild,R$56.70,3
825,Inferno (Robert Langdon #4),R$41.00,3
826,"In the Garden of Beasts: Love, Terror, and an American Family in Hitler's Berlin",R$28.85,3
827,If I Run (If I Run #1),R$49.97,3
828,I've Got Your Number,R$19.69,3
829,I Am Malala: The Girl Who Stood Up for Education and Was Shot by the Taliban,R$28.88,3
830,Hungry Girl Clean & Hungry: Easy All-Natural Recipes for Healthy Eating in the Real World,R$33.14,3
831,"House of Lost Worlds: Dinosaurs, Dynasties, and the Story of Life on Earth",R$43.70,3
832,House of Leaves,R$54.89,3
833,Horrible Bear!,R$37.52,3
834,Holidays on Ice,R$51.07,3
835,Heir to the Sky,R$44.07,3
836,Green Eggs and Ham (Beginner Books B-16),R$10.79,3
837,"Grayson, Vol 3: Nemesis (Grayson #3)",R$42.72,3
838,Gratitude,R$26.66,3
839,Gone Girl,R$37.60,3
840,Golden (Heart of Dread #3),R$42.21,3
841,Girl in the Blue Coat,R$46.83,3
842,"Fruits Basket, Vol. 3 (Fruits Basket #3)",R$45.17,3
843,"Friday Night Lights: A Town, a Team, and a Dream",R$51.22,3
844,Fire Bound (Sea Haven/Sisters of the Heart #5),R$21.28,3
845,Fifty Shades Freed (Fifty Shades #3),R$15.36,3
846,Fellside,R$38.62,3
847,Extreme Prey (Lucas Davenport #26),R$25.40,3
848,Eragon (The Inheritance Cycle #1),R$43.87,3
849,Eclipse (Twilight #3),R$18.74,3
850,Dune (Dune #1),R$54.86,3
851,Dracula,R$52.62,3
852,Do Androids Dream of Electric Sheep? (Blade Runner #1),R$51.48,3
853,Disrupted: My Misadventure in the Start-Up Bubble,R$15.28,3
854,Dead Wake: The Last Crossing of the Lusitania,R$39.24,3
855,"David and Goliath: Underdogs, Misfits, and the Art of Battling Giants",R$17.81,3
856,Darkfever (Fever #1),R$56.02,3
857,Dark Places,R$23.90,3
858,Crazy Rich Asians (Crazy Rich Asians #1),R$49.13,3
859,Counting Thyme,R$10.62,3
860,Cosmos,R$36.17,3
861,Civilization and Its Discontents,R$59.95,3
862,Cinder (The Lunar Chronicles #1),R$26.09,3
863,Catastrophic Happiness: Finding Joy in Childhood's Messy Years,R$37.35,3
864,Career of Evil (Cormoran Strike #3),R$24.72,3
865,Breaking Dawn (Twilight #4),R$35.28,3
866,Brave Enough,R$51.32,3
867,Boy Meets Boy,R$21.12,3
868,"Born to Run: A Hidden Tribe, Superathletes, and the Greatest Race the World Has Never Seen",R$27.35,3
869,Blink: The Power of Thinking Without Thinking,R$21.74,3
870,Black Flags: The Rise of ISIS,R$40.87,3
871,"Black Butler, Vol. 1 (Black Butler #1)",R$49.31,3
872,Big Little Lies,R$22.11,3
873,Between Shades of Gray,R$20.79,3
874,Best of My Love (Fool's Gold #20),R$27.41,3
875,Beowulf,R$38.35,3
876,Beautiful Creatures (Caster Chronicles #1),R$21.55,3
877,Awkward,R$38.02,3
878,Ash,R$22.06,3
879,Are We There Yet?,R$10.66,3
880,Are We Smart Enough to Know How Smart Animals Are?,R$56.58,3
881,Annie on My Mind,R$36.83,3
882,And Then There Were None,R$35.01,3
883,A Walk in the Woods: Rediscovering America on the Appalachian Trail,R$30.48,3
884,A Visit from the Goon Squad,R$14.08,3
885,A Storm of Swords (A Song of Ice and Fire #3),R$31.22,3
886,A Heartbreaking Work of Staggering Genius,R$54.29,3
887,8 Keys to Mental Health Through Exercise,R$31.04,3
888,#GIRLBOSS,R$50.96,3
889,"The Suffragettes (Little Black Classics, #96)",R$11.89,2
890,The Sense of an Ending,R$31.38,2
891,"The Sandman, Vol. 2: The Doll's House (The Sandman (volumes) #2)",R$54.81,2
892,The Course of Love,R$16.78,2
893,Sugar Rush (Offensive Line #2),R$24.42,2
894,"Saga, Volume 2 (Saga (Collected Editions) #2)",R$11.75,2
895,"Run, Spot, Run: The Ethics of Keeping Pets",R$20.02,2
896,New Moon (Twilight #2),R$12.86,2
897,Life,R$31.58,2
898,Kindle Paperwhite User's Guide,R$34.00,2
899,H is for Hawk,R$57.42,2
900,Girl Online On Tour (Girl Online #2),R$53.47,2
901,"Fruits Basket, Vol. 2 (Fruits Basket #2)",R$11.64,2
902,Diary of a Minecraft Zombie Book 1: A Scare of a Dare (An Unofficial Minecraft Book),R$52.88,2
903,"Y: The Last Man, Vol. 1: Unmanned (Y: The Last Man #1)",R$18.51,1
904,While You Were Mine,R$41.32,1
905,Where Lightning Strikes (Bleeding Stars #3),R$39.77,1
906,When I'm Gone,R$51.96,1
907,Ways of Seeing,R$39.51,1
908,"Vampire Knight, Vol. 1 (Vampire Knight #1)",R$15.40,1
909,Vampire Girl (Vampire Girl #1),R$53.82,1
910,Twenty Love Poems and a Song of Despair,R$30.95,1
911,Travels with Charley: In Search of America,R$57.82,1
912,Three Wishes (River of Time: California #1),R$44.18,1
913,This One Moment (Pushing Limits #1),R$48.71,1
914,The Zombie Room,R$19.69,1
915,"The Wicked + The Divine, Vol. 1: The Faust Act (The Wicked + The Divine)",R$36.52,1
916,The Tumor,R$41.56,1
917,The Story of Hong Gildong,R$43.19,1
918,The Silent Wife,R$12.34,1
919,The Silent Twin (Detective Jennifer Knight #3),R$36.25,1
920,The Selfish Gene,R$29.45,1
921,The Secret Healer,R$34.56,1
922,"The Sandman, Vol. 1: Preludes and Nocturnes (The Sandman (volumes) #1)",R$54.12,1
923,The Republic,R$33.78,1
924,The Odyssey,R$29.64,1
925,The No. 1 Ladies' Detective Agency (No. 1 Ladies' Detective Agency #1),R$57.70,1
926,The Nicomachean Ethics,R$36.34,1
927,The Name of the Wind (The Kingkiller Chronicle #1),R$50.59,1
928,The Mirror & the Maze (The Wrath and the Dawn #1.5),R$29.38,1
929,The Little Prince,R$45.42,1
930,The Light of the Fireflies,R$54.43,1
931,The Last Girl (The Dominion Trilogy #1),R$36.26,1
932,The Iliad,R$16.16,1
933,The Hook Up (Game On #1),R$36.29,1
934,The Haters,R$27.89,1
935,The Girl You Lost,R$12.29,1
936,The Girl In The Ice (DCI Erika Foster #1),R$15.85,1
937,The End of the Jesus Era (An Investigation #1),R$14.40,1
938,The Edge of Reason (Bridget Jones #2),R$19.18,1
939,The Complete Maus (Maus #1-2),R$10.64,1
940,The Communist Manifesto,R$14.76,1
941,The Bhagavad Gita,R$57.49,1
942,The Bette Davis Club,R$30.66,1
943,The Art of Not Breathing,R$40.83,1
944,Taking Shots (Assassins #1),R$18.88,1
945,Starlark,R$25.83,1
946,"Skip Beat!, Vol. 01 (Skip Beat! #1)",R$42.12,1
947,Sister Sable (The Mad Queen #1),R$13.33,1
948,Shatter Me (Shatter Me #1),R$42.40,1
949,Shameless,R$58.35,1
950,Shadow Rites (Jane Yellowrock #10),R$21.72,1
951,Settling the Score (The Summer Games #1),R$44.91,1
952,Sense and Sensibility,R$37.46,1
953,"Saga, Volume 1 (Saga (Collected Editions) #1)",R$28.48,1
954,"Rhythm, Chord & Malykhin",R$28.34,1
955,"Rat Queens, Vol. 1: Sass & Sorcery (Rat Queens (Collected Editions) #1-5)",R$46.96,1
956,Paradise Lost (Paradise #1),R$24.96,1
957,"Paper Girls, Vol. 1 (Paper Girls #1-5)",R$21.71,1
958,"Ouran High School Host Club, Vol. 1 (Ouran High School Host Club #1)",R$29.87,1
959,Origins (Alphas 0.5),R$28.99,1
960,One Second (Seven #7),R$52.94,1
961,On the Road (Duluoz Legend),R$32.36,1
962,Old Records Never Die: One Man's Quest for His Vinyl and His Past,R$55.66,1
963,Off Sides (Off #1),R$39.45,1
964,Of Mice and Men,R$47.11,1
965,Myriad (Prentor #1),R$58.75,1
966,My Perfect Mistake (Over the Top #1),R$38.92,1
967,"Ms. Marvel, Vol. 1: No Normal (Ms. Marvel (2014-2015) #1)",R$39.39,1
968,Meditations,R$25.89,1
969,Matilda,R$28.34,1
970,Lost Among the Living,R$27.70,1
971,Lord of the Flies,R$24.89,1
972,Listen to Me (Fusion #1),R$58.99,1
973,Kitchens of the Great Midwest,R$57.20,1
974,Jane Eyre,R$38.43,1
975,Imperfect Harmony,R$34.74,1
976,Icing (Aces Hockey #2),R$40.44,1
977,"Hawkeye, Vol. 1: My Life as a Weapon (Hawkeye #1)",R$45.24,1
978,Having the Barbarian's Baby (Ice Planet Barbarians #7.5),R$34.96,1
979,"Giant Days, Vol. 1 (Giant Days #1-4)",R$56.76,1
980,"Fruits Basket, Vol. 1 (Fruits Basket #1)",R$40.28,1
981,Frankenstein,R$38.00,1
982,Forever Rockers (The Rocker #12),R$28.80,1
983,Fighting Fate (Fighting #6),R$39.24,1
984,Emma,R$32.93,1
985,"Eat, Pray, Love",R$51.32,1
986,Deep Under (Walker Security #1),R$47.09,1
987,Choosing Our Religion: The Spiritual Lives of America's Nones,R$28.42,1
988,Charlie and the Chocolate Factory (Charlie Bucket #1),R$22.85,1
989,Charity's Cross (Charles Towne Belles #4),R$41.24,1
990,Bright Lines,R$39.07,1
991,Bridget Jones's Diary (Bridget Jones #1),R$29.82,1
992,Bounty (Colorado Mountain #7),R$37.26,1
993,Blood Defense (Samantha Brinkman #1),R$20.30,1
994,"Bleach, Vol. 1: Strawberry and the Soul Reapers (Bleach #1)",R$34.65,1
995,Beyond Good and Evil,R$43.38,1
996,Alice in Wonderland (Alice's Adventures in Wonderland #1),R$55.53,1
997,"Ajin: Demi-Human, Volume 1 (Ajin: Demi-Human #1)",R$57.06,1
998,A Spy's Devotion (The Regency Spies of London #1),R$16.97,1
999,1st to Die (Women's Murder Club #1),R$53.98,1
1000,"1,000 Places to See Before You Die",R$26.08,1
